İlan Tarihi,İlan no,Net m²,Brüt m²,Oda Sayısı,Banyo Sayısı,Binadaki Kat Sayısı,Isıtma Tipi,Konut Şekli,Bulunduğu Kat,Bina Yaşı,Kullanım Durumu,Yapının Durumu,Kira Getirisi,Kimden,Krediye Uygun,Location,Price,"Görüntülü Ev Gezintisi
?",Hayvan Dostu Patili Evler,Mobilya Durumu,Takasa Uygun,Aidat,Tapu Durumu,Ada,Parsel,Yapı Tipi
30 Eylül 2024,5145472,115,128m²,3+1,1,3,Kombi (Doğalgaz),Ara Kat,2,26-30 arası,Mülk Sahibi,İkinci El,10.000 TL (aylık),Danışman,Evet,"Yeni, Akşehir
, Konya",1.860.000 TL,,,,,,,,,
21 Eylül 2024,5115610,130,141m²,2+1,1,5,Kombi (Doğalgaz),,3,21-25 arası,Kiracılı,,9.000 TL (aylık),,Hayır,"İstasyon, Akşehir
, Konya",1.675.000 TL,?,Evet,Eşyasız,,,,,,
26 Eylül 2024,5142613,155,180m²,4+1,2,5,,Ara Kat,2,0,Boş,Sıfır,18.000 TL (aylık),Danışman,Evet,"Gazi, Akşehir
, Konya",3.500.000 TL,,,Eşyasız,Evet,0 TL (aylık),,,,
20 Eylül 2024,5055209,130,145m²,2+1,1,,Kalorifer (Doğalgaz),Bahçe Dubleksi,1,,,,,,Hayır,"Kileci, Akşehir
, Konya",1.625.000.000 TL,,,,,,,,,
18 Eylül 2024,5137354,145,165m²,3+1,1,5,Kombi (Doğalgaz),Ara Kat,4,6-10 arası,Boş,İkinci El,17.000 TL (aylık),Danışman,Evet,"Yeni, Akşehir
, Konya",3.550.000 TL,,,Eşyasız,,0 TL (aylık),,,,
19 Eylül 2024,5138565,160,170m²,3+1,1,5,Kombi (Doğalgaz),Ara Kat,,11-15 arası,Boş,İkinci El,10.000 TL (aylık),,Evet,"Altunkalem, Akşehir
, Konya",2.350.000 TL,,,Eşyasız,Evet,,Kat Mülkiyeti,,,
20 Eylül 2024,5041922,180,190m²,3+1,2,,,,,,,,,,Hayır,"Yarenler, Akşehir
, Konya",4.750.000 TL,,,,,,,,,
9 Eylül 2024,5093634,130,138m²,3+1,1,6,Kombi (Doğalgaz),En Üst Kat,6,21-25 arası,Boş,İkinci El,12.000 TL (aylık),Danışman,Evet,"Seyran, Akşehir
, Konya",2.150.000 TL,,,,,,,,,
9 Eylül 2024,5128839,120,130m²,3+1,1,4,Kombi (Doğalgaz),En Üst Kat,4,31-35 arası,Mülk Sahibi,İkinci El,8.000 TL (aylık),Danışman,Evet,"Gazi, Akşehir
, Konya",1.620.000 TL,,,,,,,,,
7 Eylül 2024,5128652,42,60m²,2+0,1,4,Kombi (Doğalgaz),Giriş Kat,Yüksek Giriş,0,Boş,Yapım Aşamasında,10.000 TL (aylık),Danışman,Evet,"Gazi, Akşehir
, Konya",1.850.000 TL,,,,Evet,,,,,
7 Eylül 2024,5128674,145,170m²,3+1,3,5,Kombi (Doğalgaz),Ara Kat,,0,Boş,Sıfır,18.000 TL (aylık),Danışman,Evet,"Yarenler, Akşehir
, Konya",4.650.000 TL,,,,,,,,,
31 Ağustos 2024,4937360,145,165m²,3+1,2,4,Kombi (Doğalgaz),Ara Kat,2,0,Boş,Yapım Aşamasında,0 TL (aylık),Danışman,Evet,"İstasyon, Akşehir
, Konya",3.350.000 TL,?,,Eşyasız,,0 TL (aylık),,,,
25 Ağustos 2024,5087122,149,170m²,3+1,1,5,Kombi (Doğalgaz),Ara Kat,2,4,Boş,İkinci El,15.000 TL (aylık),Danışman,Evet,"Yeni, Akşehir
, Konya",3.200.000 TL,,,,,,,,,
28 Eylül 2024,5144135,120,140m²,3+1,1,4,Kombi (Doğalgaz),,2,21-25 arası,,,,,Evet,"Mehmet Akif, Ereğli
, Konya",1.500.000 TL,,,,,,,,,
27 Eylül 2024,5143010,145,160m²,3+1,1,5,Kombi (Doğalgaz),,Ara Kat,,,,,,Evet,"Doğu Elagözlü, Ereğli
, Konya",4.000.000 TL,,,,,,,,,
26 Eylül 2024,5142410,165,200m²,4+1,2,10,Merkezi Sistem,,1,26-30 arası,Boş,,,,Evet,"Feritpaşa, Selçuklu
, Konya",3.499.999 TL,,,,,1 TL (aylık),,,,
26 Eylül 2024,5142409,150,210m²,4+1,2,9,Yerden Isıtma,,7,,Boş,,,,Evet,"Hocacihan, Selçuklu
, Konya",6.750.000 TL,,,,Evet,,,,,
26 Eylül 2024,5142407,200,260m²,5+1,2,2,Yerden Isıtma,Dubleks,,,Boş,,,,Evet,"Karahüyük, Meram
, Konya",8.000.000 TL,,,,,,,,,
26 Eylül 2024,5142404,95,125m²,2+1,1,9,Yerden Isıtma,,3,,Boş,,,,Hayır,"Sancak, Selçuklu
, Konya",2.500.000 TL,,,,Evet,,,,,
26 Eylül 2024,5142401,120,165m²,3+1,1,5,Kombi (Doğalgaz),,2,16-20 arası,Boş,,,,Hayır,"Mehmet Akif, Selçuklu
, Konya",2.750.000 TL,,,,,,,,,
26 Eylül 2024,5142399,115,160m²,3+1,1,4,Yerden Isıtma,,3,,Boş,,,,Evet,"Hacı Hasan, Karatay
, Konya",3.050.000 TL,,,,,,,,,
26 Eylül 2024,5142398,110,170m²,3+1,1,5,Yerden Isıtma,,5,,Boş,,,,Evet,"Akşemsettin, Selçuklu
, Konya",3.750.000 TL,,,,,,,,,
26 Eylül 2024,5142397,110,160m²,3+1,1,3,Yerden Isıtma,,2,,Boş,,,,Evet,"Parsana, Selçuklu
, Konya",3.800.000 TL,,,,Evet,,,,,
26 Eylül 2024,5142396,140,180m²,3+1,1,4,Merkezi Sistem,,1,11-15 arası,Mülk Sahibi,,,,Evet,"Esenler, Selçuklu
, Konya",3.990.000 TL,,,,,,,,,
26 Eylül 2024,5142394,165,215m²,4+1,2,5,Yerden Isıtma,,2,5,Boş,,,,Evet,"Alavardı, Meram
, Konya",6.900.000 TL,,,,,,,,,
26 Eylül 2024,5142395,115,155m²,3+1,2,3,Yerden Isıtma,,3,,Boş,,,,Hayır,"Yazır, Selçuklu
, Konya",4.950.000 TL,,,,Evet,,,,,
26 Eylül 2024,5142392,170,210m²,4+1,2,10-20 arası,Yerden Isıtma,,5,11-15 arası,Mülk Sahibi,,,,Evet,"Parsana, Selçuklu
, Konya",8.500.000 TL,,,,Evet,,,,,
26 Eylül 2024,5142390,167,190m²,5+1,3,2,Yerden Isıtma,,Bahçe katı,,Boş,,,,Evet,"Karahüyük, Meram
, Konya",9.500.000 TL,,,,Evet,,,,,
26 Eylül 2024,5142389,215,304m²,4+1,3,2,Yerden Isıtma,,1,2,Mülk Sahibi,,,,Evet,"Buhara, Selçuklu
, Konya",13.000.000 TL,,,,,,,,,
26 Eylül 2024,5142388,180,210m²,4+1,1,2,Yerden Isıtma,,Bahçe katı,3,Mülk Sahibi,,,,Evet,"Erenköy, Selçuklu
, Konya",13.750.000 TL,,,,Evet,,,,,
26 Eylül 2024,5142387,265,360m²,7+2,3,2,Yerden Isıtma,,Bahçe katı,,Boş,,,,Evet,"Sille Ak, Selçuklu
, Konya",15.000.000 TL,,,,,,,,,
26 Eylül 2024,5142385,600,660m²,8+1,2,3,Yerden Isıtma,,Bahçe katı,,Boş,,,,Evet,"Parsana, Selçuklu
, Konya",36.000.000 TL,,,,Evet,,,,,
26 Eylül 2024,5142381,180,210m²,4+1,1,10-20 arası,Yerden Isıtma,,8,5,Mülk Sahibi,,,,Evet,"Parsana, Selçuklu
, Konya",6.100.000 TL,,,,,,,,,
26 Eylül 2024,5142382,450,550m²,6+1,5,3,Yerden Isıtma,,Bahçe katı,,Boş,,,,Evet,"Sille Ak, Selçuklu
, Konya",25.000.000 TL,,,,Evet,,,,,
26 Eylül 2024,5142406,92,115m²,2+1,1,3,Yerden Isıtma,,Giriş Katı,5,Kiracılı,,,,Evet,"Beyhekim, Selçuklu
, Konya",2.500.000 TL,,,,Evet,,,,,
26 Eylül 2024,5142408,100,115m²,2+1,1,3,Kombi (Doğalgaz),,Yüksek Giriş,21-25 arası,Kiracılı,,,,Hayır,"Cumhuriyet, Selçuklu
, Konya",1.550.000 TL,,,,,,,,,
26 Eylül 2024,5142391,180,210m²,4+1,2,2,Yerden Isıtma,,Bahçe katı,,Boş,,,,Hayır,"Lalebahçe, Meram
, Konya",9.500.000 TL,,,,Evet,,,,,
25 Eylül 2024,5141788,170,180m²,4+1,2,2,Yerden Isıtma,,Bahçe katı,,Boş,,,,Hayır,"İstiklal, Karatay
, Konya",6.400.000 TL,,,,Evet,,,,,
24 Eylül 2024,5083323,145,165m²,4+1,2,6,Yerden Isıtma,,Ara Kat,,Boş,Sıfır,,,Hayır,"Kumköprü, Karatay
, Konya",3.600.000 TL,,,,,,,,,
23 Eylül 2024,5086286,105,120m²,2+1,1,5,Kombi (Doğalgaz),En Üst Kat,5,26-30 arası,Boş,İkinci El,,Danışman,Hayır,"İstasyon, Akşehir
, Konya",1.296.000 TL,?,,Eşyasız,,,Kat İrtifakı,,,
24 Eylül 2024,5118810,70,85m²,2+0,1,5,Kombi (Doğalgaz),,Yüksek Giriş,,,,,,Evet,"Ziya Gökalp, Ereğli
, Konya",1.400.000 TL,,,,,,,,,
23 Eylül 2024,5075401,105,120m²,2+1,1,5,Kombi (Doğalgaz),Ara Kat,2,3,Mülk Sahibi,İkinci El,,,Hayır,"Seyran, Akşehir
, Konya",2.600.000 TL,?,Evet,Eşyalı (Mobilyalı),Evet,,,,,
22 Eylül 2024,5086138,145,170m²,3+1,1,5,Kombi (Doğalgaz),Ara Kat,3,11-15 arası,Mülk Sahibi,İkinci El,,Danışman,Evet,"Yeni, Akşehir
, Konya",3.100.000 TL,?,,Eşyasız,,,Kat İrtifakı,,,
22 Eylül 2024,5086114,90,110m²,2+1,1,,Soba (Kömür),,Müstakil,0,Mülk Sahibi,Sıfır,,Danışman,Evet,"Gölçayır, Akşehir
, Konya",3.250.000 TL,,,Eşyasız,,,Müstakil Parsel,,,
23 Eylül 2024,5086372,110,125m²,2+1,1,2,Kalorifer (Doğalgaz),,2,0,Boş,Sıfır,11.000 TL (aylık),,Hayır,"Yarenler, Akşehir
, Konya",3.250.000 TL,,,,,500 TL (aylık),,,,
23 Eylül 2024,5086368,148,155m²,3+1,2,2,Kalorifer (Doğalgaz),,2,0,Boş,,17.000 TL (aylık),,Hayır,"Yarenler, Akşehir
, Konya",4.000.000 TL,,,,,500 TL (aylık),,,,
22 Eylül 2024,5117419,150,165m²,3+1,1,8,Merkezi Sistem (Isı Payı Ölçer),,2,,,,,,Evet,"Şinasi, Ereğli
, Konya",2.600.000 TL,,,,,,,,,
22 Eylül 2024,5117429,165,180m²,3+1,1,6,Kombi (Doğalgaz),,2,5,,,,,Evet,"Eti, Ereğli
, Konya",4.100.000 TL,,,,,,,,,
22 Eylül 2024,5117424,255,270m²,4+1,2,6,Kombi (Doğalgaz),,6,6-10 arası,,,,,Evet,"Çömlekçi, Ereğli
, Konya",3.800.000 TL,,,,,270 TL (aylık),,,,
22 Eylül 2024,5117415,145,160m²,3+1,1,4,Kombi (Doğalgaz),,Yüksek Giriş,6-10 arası,,,,,Evet,"Mehmet Akif, Ereğli
, Konya",2.430.000 TL,,,,,250 TL (aylık),,,,
22 Eylül 2024,5117422,145,160m²,3+1,2,5,Merkezi Sistem,,Ara Kat,21-25 arası,,,,,Evet,"Dalmaz, Ereğli
, Konya",2.400.000 TL,,,,,,,,,
22 Eylül 2024,5117431,155,165m²,3+1,1,6,Kombi (Doğalgaz),,4,21-25 arası,,,,,Evet,"Alpaslan, Ereğli
, Konya",2.300.000 TL,,,,,,,,,
22 Eylül 2024,5117417,150,170m²,3+1,1,5,Merkezi Sistem,,5,,,,,,Evet,"Ziya Gökalp, Ereğli
, Konya",3.150.000 TL,,,,,,,,,
22 Eylül 2024,5116545,126,136m²,3+1,1,2,Kombi (Doğalgaz),,1,11-15 arası,Kiracılı,İkinci El,,,Evet,"Selahaddin Eyyubi, Selçuklu
, Konya",4.500.000 TL,,,,,,,14580,22,
22 Eylül 2024,5117427,135,150m²,3+1,1,6,Kombi (Doğalgaz),,Yüksek Giriş,21-25 arası,,,,,Evet,"Üçgöz, Ereğli
, Konya",1.750.000 TL,,,,,200 TL (aylık),,,,
21 Eylül 2024,5073195,110,125m²,2+1,1,4,Kombi (Doğalgaz),Ara Kat,2,0,Boş,Sıfır,12.000 TL (aylık),Danışman,Evet,"Yeni, Akşehir
, Konya",2.700.000 TL,,,,,,,,,
22 Eylül 2024,5117421,120,135m²,2+1,1,3,Kombi (Doğalgaz),,2,21-25 arası,,,,,Evet,"Hacı Mustafa, Ereğli
, Konya",1.425.000 TL,,,,,,,,,
22 Eylül 2024,5117413,110,125m²,2+1,1,2,Kombi (Doğalgaz),,2,26-30 arası,,,,,Evet,"Barbaros, Ereğli
, Konya",1.590.000 TL,,,,,,,,,
21 Eylül 2024,5072754,145,160m²,3+1,2,5,Kombi (Doğalgaz),Ara Kat,2,0,Boş,Sıfır,15.000 TL (aylık),Danışman,Evet,"Yeni, Akşehir
, Konya",4.200.000 TL,,,Eşyasız,,0 TL (aylık),,,,
21 Eylül 2024,5072015,135,145m²,3+1,1,5,Kombi (Doğalgaz),Ara Kat,2,26-30 arası,Mülk Sahibi,İkinci El,10.000 TL (aylık),Danışman,Evet,"Kızılca, Akşehir
, Konya",2.600.000 TL,,,,Evet,,,,,
22 Eylül 2024,5117425,130,145m²,3+1,1,3,Kombi (Doğalgaz),,Yüksek Giriş,21-25 arası,,,,,Evet,"Batı Elagözlü, Ereğli
, Konya",1.700.000 TL,,,,,,,,,
21 Eylül 2024,5032418,150,180m²,3+2,1,2,Soba (Kömür),Bahçe Dubleksi,Müstakil,0,Boş,Sıfır,0 TL (aylık),Danışman,Evet,"Saray, Akşehir
, Konya",3.690.000 TL,?,,Eşyasız,Evet,0 TL (aylık),Müstakil Parsel,,,
22 Eylül 2024,5117428,70,80m²,2+0,1,6,Kombi (Doğalgaz),,2,,,,,,Evet,"Ziya Gökalp, Ereğli
, Konya",1.600.000 TL,,,,,,,,,
21 Eylül 2024,5098159,100,115m²,2+1,1,4,Kombi (Doğalgaz),Giriş Kat,Giriş Katı,31-35 arası,Mülk Sahibi,İkinci El,9.000 TL (aylık),Danışman,Evet,"Yarenler, Akşehir
, Konya",1.590.000 TL,,,,,,,,,
21 Eylül 2024,5097590,95,110m²,2+1,1,5,Kombi (Doğalgaz),Ara Kat,4,40 ve üzeri,Boş,İkinci El,8.000 TL (aylık),Danışman,Evet,"Altunkalem, Akşehir
, Konya",1.650.000 TL,,,,,,,,,
21 Eylül 2024,5055639,130,195m²,2+1,1,2,,Dubleks,Müstakil,40 ve üzeri,Mülk Sahibi,İkinci El,,Danışman,Hayır,"Selçuk, Akşehir
, Konya",990.000 TL,,,,,,,,,
21 Eylül 2024,5024135,43,60m²,1+1,1,5,Kombi (Doğalgaz),Ara Kat,2,0,Boş,Yapım Aşamasında,8.000 TL (aylık),Danışman,Evet,"Yarenler, Akşehir
, Konya",1.800.000 TL,,,,,,Kat İrtifakı,,,
21 Eylül 2024,5139618,115,135m²,2+1,1,1,Kombi (Doğalgaz),Giriş Kat,Kot 1,6-10 arası,Boş,Sıfır,150.000 TL (aylık),Danışman,Hayır,"Yeni, Akşehir
, Konya",2.500.000 TL,,,Eşyasız,Evet,,Kat Mülkiyeti,,,
21 Eylül 2024,5057269,110,125m²,2+1,1,5,Kombi (Doğalgaz),Ara Kat,3,0,Boş,Yapım Aşamasında,0 TL (aylık),Danışman,Hayır,"Seyran, Akşehir
, Konya",2.600.000 TL,,,Eşyasız,,0 TL (aylık),,,,
21 Eylül 2024,4874987,170,190m²,,,,,,,,,,,Danışman,Evet,"Gazi, Akşehir
, Konya",1.590.000 TL,,,,,,İskanı Alınmış,,,
20 Eylül 2024,5064915,135,165m²,4+1,2,5,Yerden Isıtma,,4,,Boş,,,,Hayır,"Erenler, Karatay
, Konya",3.100.000 TL,,,Eşyasız,Evet,,,,,
20 Eylül 2024,5139073,40,60m²,1+1,1,2,Kombi (Doğalgaz),,2,,,,,,Evet,"Toros, Ereğli
, Konya",980.000 TL,,,,,,,,,
21 Eylül 2024,5001863,80,100m²,,,,,,,,,,,,Hayır,"Adsız, Akşehir
, Konya",3.000.000 TL,,,,Evet,,,,,
19 Eylül 2024,5113831,100,115m²,2+1,1,5,Kombi (Doğalgaz),,4,26-30 arası,,,,,Evet,"Alpaslan, Ereğli
, Konya",1.400.000 TL,,,,,,,,,
20 Eylül 2024,4787467,165,168m²,3+1,1,4,Merkezi Sistem (Isı Payı Ölçer),Ara Kat,3,0,Boş,Sıfır,8.000 TL (aylık),Danışman,Evet,"Gazi, Akşehir
, Konya",3.500.000 TL,?,,Eşyasız,,,,,,
20 Eylül 2024,5057010,95,128m²,2+1,1,4,,En Üst Kat,4,6-10 arası,Mülk Sahibi,,0 TL (aylık),,Hayır,"İstasyon, Akşehir
, Konya",2.275.000 TL,,,Eşyasız,Evet,0 TL (aylık),,,,
20 Eylül 2024,4915927,275,300m²,6+1,3,3,Yok,Tripleks,,0,Boş,,0 TL (aylık),,Evet,"Değirmenköy, Akşehir
, Konya",4.000.000 TL,,,Eşyasız,Evet,0 TL (aylık),,,,
20 Eylül 2024,5057027,319,355m²,9+1,3,3,Klima,Tripleks,,21-25 arası,Mülk Sahibi,,0 TL (aylık),,Hayır,"Yeni, Akşehir
, Konya",12.500.000 TL,,,Eşyasız,Evet,0 TL (aylık),,,,
20 Eylül 2024,5014874,130,150m²,3+1,1,4,,Ara Kat,2,0,Boş,,0 TL (aylık),,Evet,"İstasyon, Akşehir
, Konya",3.399.999 TL,,,Eşyasız,Evet,0 TL (aylık),,,,
20 Eylül 2024,5057012,96,190m²,2+1,1,4,,En Üst Kat,Çatı Katı,26-30 arası,Mülk Sahibi,,0 TL (aylık),,Hayır,"Kileci, Akşehir
, Konya",1.550.000 TL,,,Eşyasız,,0 TL (aylık),,,,
20 Eylül 2024,4983057,105,125m²,3+1,1,5,Kalorifer (Doğalgaz),Ara Kat,4,0,Boş,,13.000 TL (aylık),,Evet,"Hacı Hasan, Karatay
, Konya",2.850.000 TL,?,,Eşyasız,Evet,400 TL (aylık),Kat Mülkiyeti,,,
20 Eylül 2024,4869151,90,115m²,2+1,1,4,,,Giriş Katı,21-25 arası,Kiracılı,,0 TL (aylık),,Evet,"Yeni, Akşehir
, Konya",1.635.000 TL,,,Eşyasız,,0 TL (aylık),,,,
20 Eylül 2024,5057008,145,162m²,3+1,1,5,,,Giriş Katı,21-25 arası,Mülk Sahibi,,0 TL (aylık),,Hayır,"Yarenler, Akşehir
, Konya",1.799.999 TL,,,Eşyasız,Evet,0 TL (aylık),,,,
19 Eylül 2024,5113840,119,120m²,2+1,1,5,Kombi (Doğalgaz),Bahçe Katı,Yüksek Giriş,26-30 arası,Boş,İkinci El,8.000 TL (aylık),,Hayır,"Yarenler, Akşehir
, Konya",1.625.000 TL,?,Evet,Eşyasız,,,Kat Mülkiyeti,,,
20 Eylül 2024,5023324,135,160m²,3+1,1,4,Kombi (Doğalgaz),,4,0,Boş,Yapım Aşamasında,15.000 TL (aylık),Danışman,Evet,"Yeni, Akşehir
, Konya",3.400.000 TL,,,,,,,,,
20 Eylül 2024,5041954,150,165m²,3+1,1,5,Kombi (Doğalgaz),En Üst Kat,5,26-30 arası,Boş,,,İnşaat Geliştirici,Hayır,"Seyran, Akşehir
, Konya",1.690.000 TL,,Evet,Eşyasız,Evet,,,,,
18 Eylül 2024,5083303,230,270m²,5+1,2,10-20 arası,Yerden Isıtma,,2,3,Mülk Sahibi,,,,Hayır,"Selçuk, Selçuklu
, Konya",8.500.000 TL,,,,Evet,,,,,
18 Eylül 2024,5083319,160,190m²,4+1,2,5,Merkezi Sistem (Isı Payı Ölçer),,2,5,Mülk Sahibi,,,,Evet,"Kosova, Selçuklu
, Konya",4.400.000 TL,,,,,,,,,
20 Eylül 2024,5064909,130,150m²,3+1,1,4,Kombi (Doğalgaz),,En Üst Kat,31-35 arası,,,10.000 TL (aylık),,Hayır,"Selçuk, Selçuklu
, Konya",2.000.000 TL,,,Eşyasız,,,,,,
18 Eylül 2024,5137138,145,170m²,3+1,1,2,Kombi (Doğalgaz),,2,16-20 arası,Mülk Sahibi,,,,Hayır,"Saraçoğlu, Karatay
, Konya",2.350.000 TL,,,,Evet,,,,,
18 Eylül 2024,5137132,135,155m²,3+1,1,8,Merkezi Sistem (Isı Payı Ölçer),,6,5,Kiracılı,,,,Hayır,"Gödene, Meram
, Konya",2.500.000 TL,,,,,,,,,
18 Eylül 2024,5137131,135,150m²,3+1,2,2,Kombi (Doğalgaz),,Bahçe katı,11-15 arası,Boş,,,,Hayır,"Erler, Karatay
, Konya",4.350.000 TL,,,,Evet,,,,,
20 Eylül 2024,5097236,100,110m²,2+1,1,5,Kombi (Doğalgaz),Ara Kat,2,,Boş,,10.000 TL (aylık),,Hayır,"Yeni, Akşehir
, Konya",2.500.000 TL,?,Evet,,,,,,,
18 Eylül 2024,5137646,160,170m²,3+1,1,5,Kalorifer (Doğalgaz),En Üst Kat,5,6-10 arası,,İkinci El,18.000 TL (aylık),Danışman,Evet,"Yeni, Akşehir
, Konya",3.150.000 TL,,,Eşyasız,Evet,,,,,
20 Eylül 2024,5097781,127,160m²,3+1,1,,,,,,,,,,Hayır,"Anıt, Akşehir
, Konya",1.350.000 TL,,,,,,,,,
18 Eylül 2024,5083321,165,230m²,4+1,2,5,Yerden Isıtma,,2,,Boş,,,,Hayır,"Çimenlik, Karatay
, Konya",3.400.000 TL,,,,Evet,,,,,
20 Eylül 2024,4826899,110,130m²,2+2,1,,,,,,,,,,Hayır,"Kileci, Akşehir
, Konya",3.200.000 TL,,,,,,,,,
20 Eylül 2024,5072471,80,100m²,2+1,1,5,Kalorifer (Doğalgaz),Ara Kat,3,0,,,13.000 TL (aylık),Danışman,Hayır,"Gazi, Akşehir
, Konya",2.750.000 TL,,,,,,,,,
17 Eylül 2024,5135981,129,155m²,4+1,2,6,Yerden Isıtma,Tek Kat,2,,,,,,Evet,"Doğuş, Karatay
, Konya",3.900.000 TL,,,,Evet,,,,,
17 Eylül 2024,5112347,126,136m²,3+1,1,2,Kombi (Doğalgaz),,1,11-15 arası,Kiracılı,İkinci El,,,Evet,"Selahaddin Eyyubi, Selçuklu
, Konya",4.500.000 TL,,,,,,,14580,22,
17 Eylül 2024,5136872,120,130m²,3+1,1,4,Kombi (Doğalgaz),En Üst Kat,4,31-35 arası,Kiracılı,İkinci El,,Danışman,Evet,"Altunkalem, Akşehir
, Konya",1.700.000 TL,,,,,,,,,
16 Eylül 2024,5096078,45,65m²,1+1,1,4,Kombi (Doğalgaz),Ara Kat,2,0,Boş,Yapım Aşamasında,,Danışman,Evet,"İstasyon, Akşehir
, Konya",1.750.000 TL,,,,Evet,,,,,
16 Eylül 2024,5112182,130,140m²,3+1,1,4,Kombi (Doğalgaz),Ara Kat,3,21-25 arası,Mülk Sahibi,İkinci El,10.000 TL (aylık),Danışman,Evet,"Seyran, Akşehir
, Konya",1.800.000 TL,,,,,,,,,
16 Eylül 2024,5070107,135,165m²,3+1,2,,,,,,,,,,Hayır,"Gazi, Akşehir
, Konya",3.100.000 TL,,,,,,,,,
16 Eylül 2024,5096270,105,120m²,2+1,3,1,Soba (Kömür),Tek Kat,Müstakil,21-25 arası,Mülk Sahibi,İkinci El,,Danışman,Hayır,"Adsız, Akşehir
, Konya",1.250.000 TL,?,,Eşyasız,,,İskanı Alınmış,,,
18 Eylül 2024,5137299,100,115m²,2+1,1,5,Kombi (Doğalgaz),,4,,,,,,Evet,"Ziya Gökalp, Ereğli
, Konya",2.250.000 TL,,,,,,,,,
16 Eylül 2024,5070146,125,130m²,3+1,1,5,Kombi (Doğalgaz),Ara Kat,3,,Boş,,10.000 TL (aylık),Danışman,Evet,"İstasyon, Akşehir
, Konya",1.850.000 TL,,,,,,,,,
16 Eylül 2024,5046966,460,500m²,6+1,4,,,,,,,,,,Hayır,"Gazi, Akşehir
, Konya",7.500.000 TL,,,,,,,,,
16 Eylül 2024,5070232,155,170m²,6+3,3,3,Soba (Kömür),,,26-30 arası,,,,,Hayır,"Yıldırım, Akşehir
, Konya",3.190.000 TL,,,Eşyasız,,,,,,
16 Eylül 2024,4979642,125,135m²,3+1,1,4,Kombi (Doğalgaz),Ara Kat,2,21-25 arası,Mülk Sahibi,İkinci El,7.000 TL (aylık),Danışman,Evet,"Yeni, Akşehir
, Konya",1.880.000 TL,,,,,,,,,
16 Eylül 2024,5096026,90,105m²,2+1,1,4,Kombi (Doğalgaz),Ara Kat,2,0,Boş,Yapım Aşamasında,,Danışman,Evet,"İstasyon, Akşehir
, Konya",2.450.000 TL,,,,Evet,,,,,
16 Eylül 2024,4804850,110,223m²,2+1,2,1,,Bahçe Katı,,36-40 arası,Kiracılı,İkinci El,2.000 TL (aylık),Danışman,Hayır,"Yeni, Akşehir
, Konya",840.000 TL,?,Evet,,Evet,,,,,
16 Eylül 2024,5096524,90,100m²,2+1,1,1,,Tek Kat,,,Boş,Sıfır,,Danışman,Evet,"Gazi, Akşehir
, Konya",2.280.000 TL,,,,Evet,,,,,
16 Eylül 2024,5084680,90,115m²,2+1,1,1,Soba (Kömür),Giriş Kat,,16-20 arası,Kiracılı,,,,Hayır,"Erler, Karatay
, Konya",2.500.000 TL,,,,,,,,,
14 Eylül 2024,5133193,40,58m²,1+1,1,5,Kombi (Doğalgaz),En Üst Kat,5,0,Boş,Sıfır,10.000 TL (aylık),Danışman,Evet,"Gazi, Akşehir
, Konya",1.750.000 TL,,,,,250 TL (aylık),,,,
14 Eylül 2024,5095664,135,145m²,3+1,1,,,,,,,,,,Hayır,"Yarenler, Akşehir
, Konya",3.300.000 TL,,,,,,,,,
13 Eylül 2024,4907530,42,45m²,1+1,1,5,Kombi (Doğalgaz),En Üst Kat,5,0,Boş,Sıfır,10.000 TL (aylık),Danışman,Evet,"Yeni, Akşehir
, Konya",1.980.000 TL,,,,,,,,,
13 Eylül 2024,4482812,145,170m²,3+1,2,5,Kombi (Doğalgaz),Ara Kat,3,11-15 arası,,İkinci El,3.500 TL (aylık),Danışman,Evet,"Yarenler, Akşehir
, Konya",3.300.000 TL,,,,,,,,,
14 Eylül 2024,5110178,115,130m²,3+1,2,2,Kombi (Doğalgaz),,1,,Boş,Sıfır,,,Evet,"Selahaddin Eyyubi, Selçuklu
, Konya",3.900.000 TL,,,,,,,1590,36,
13 Eylül 2024,4952525,120,160m²,3+1,1,5,,Ara Kat,1,31-35 arası,Kiracılı,,0 TL (aylık),,Evet,"Sahibiata, Meram
, Konya",1.750.000 TL,?,,Eşyasız,,0 TL (aylık),,,,
13 Eylül 2024,4737366,230,360m²,6+2,2,3,,İkiz Ev,Komple,21-25 arası,,İkinci El,,,Hayır,"Kızılca, Akşehir
, Konya",3.000.000 TL,,,,,,,,,
13 Eylül 2024,5084525,128,132m²,3+1,1,4,Kombi (Doğalgaz),En Üst Kat,4,31-35 arası,Kiracılı,İkinci El,8.000 TL (aylık),Danışman,Evet,"İstasyon, Akşehir
, Konya",1.590.000 TL,,,,,,,,,
13 Eylül 2024,5083320,150,180m²,3+1,2,10-20 arası,Merkezi Sistem (Isı Payı Ölçer),Tek Kat,Yüksek Giriş,4,Boş,,,,Hayır,"Yazır, Selçuklu
, Konya",5.300.000 TL,,,,Evet,,,,,
13 Eylül 2024,5132239,85,100m²,2+1,1,4,Kombi (Doğalgaz),Giriş Kat,Yüksek Giriş,6-10 arası,Kiracılı,İkinci El,,Danışman,Evet,"Yeni, Akşehir
, Konya",2.600.000 TL,,,,,,,,,
13 Eylül 2024,5083318,140,170m²,3+1,2,2,Kombi (Doğalgaz),Dubleks,2,6-10 arası,Mülk Sahibi,İkinci El,,,Hayır,"Buhara, Selçuklu
, Konya",2.900.000 TL,,,,,,,,,
12 Eylül 2024,5095768,105,115m²,2+1,1,4,Kombi (Doğalgaz),Ara Kat,3,40 ve üzeri,Kiracılı,İkinci El,7.000 TL (aylık),Danışman,Evet,"Yarenler, Akşehir
, Konya",1.900.000 TL,,,,,,,,,
13 Eylül 2024,5132162,120,170m²,3+1,1,3,Kombi (Doğalgaz),Tek Kat,Yüksek Giriş,,Boş,Sıfır,20.000 TL (aylık),,Evet,"Selahaddin Eyyubi, Selçuklu
, Konya",4.500.000 TL,,,,Evet,200 TL (aylık),,,,
13 Eylül 2024,5132662,120,130m²,2+1,1,6,Kombi (Doğalgaz),,5,,,,,,Evet,"Talatpaşa, Ereğli
, Konya",2.500.000 TL,,,,,,,,,
13 Eylül 2024,5068856,140,165m²,3+1,2,,,,,,,,,,Hayır,"Yarenler, Akşehir
, Konya",3.600.000 TL,,,,,,,,,
12 Eylül 2024,5067675,125,135m²,2+1,1,8,,,2,11-15 arası,Mülk Sahibi,İkinci El,0 TL (aylık),,Evet,"Kozağaç, Akşehir
, Konya",1.750.000 TL,,,Eşyasız,,0 TL (aylık),,,,
13 Eylül 2024,4485724,100,115m²,3+1,1,,,,,,,,,,Hayır,"İstasyon, Akşehir
, Konya",2.000.000 TL,,,,,,,,,
11 Eylül 2024,5130002,140,155m²,3+1,2,5,Kombi (Doğalgaz),Ara Kat,4,0,Boş,Sıfır,15.000 TL (aylık),Danışman,Evet,"Yarenler, Akşehir
, Konya",3.375.000 TL,,,,,,,,,
12 Eylül 2024,5095277,145,165m²,3+1,2,4,Kombi (Doğalgaz),En Üst Kat,4,0,Boş,Yapım Aşamasında,,Danışman,Evet,"Gazi, Akşehir
, Konya",3.250.000 TL,,,Eşyasız,,,,,,
11 Eylül 2024,4977039,120,165m²,3+1,1,6,Yerden Isıtma,En Üst Kat,6,6-10 arası,Kiracılı,,0 TL (aylık),,Evet,"Akabe, Karatay
, Konya",2.750.000 TL,,,Eşyasız,Evet,0 TL (aylık),,,,
13 Eylül 2024,4837739,430,460m²,,,,,,,,,,,,Hayır,"Yeni, Akşehir
, Konya",6.350.000 TL,,,,,,,,,
11 Eylül 2024,4758349,115,130m²,3+1,1,5,Kombi (Doğalgaz),En Üst Kat,5,26-30 arası,Boş,İkinci El,4.000 TL (aylık),Danışman,Evet,"Altunkalem, Akşehir
, Konya",1.620.000 TL,?,,,,,,,,
11 Eylül 2024,5129150,120,128m²,3+1,1,5,Kombi (Doğalgaz),Giriş Kat,1,26-30 arası,Boş,,10.000 TL (aylık),Danışman,Evet,"İstasyon, Akşehir
, Konya",1.635.000 TL,,,Eşyasız,,0 TL (aylık),,,,
11 Eylül 2024,5130129,125,135m²,3+1,1,5,Kombi (Doğalgaz),,5,21-25 arası,,,,,Evet,"Cami Kebir, Ereğli
, Konya",1.650.000 TL,,,,,,,,,
11 Eylül 2024,5130123,120,130m²,2+1,1,1,Soba (Kömür),,,16-20 arası,,,,,Evet,"Ziya Gökalp, Ereğli
, Konya",4.000.000 TL,,,,,,,,,
11 Eylül 2024,5083074,90,118m²,2+1,1,5,Kombi (Doğalgaz),,Yüksek Giriş,0,Boş,Yapım Aşamasında,10.000 TL (aylık),Danışman,Evet,"Yarenler, Akşehir
, Konya",2.470.000 TL,,,Eşyasız,Evet,0 TL (aylık),,,,
13 Eylül 2024,5131585,128,140m²,3+1,1,4,Kombi (Doğalgaz),En Üst Kat,4,26-30 arası,Boş,İkinci El,10.000 TL (aylık),Danışman,Evet,"Altunkalem, Akşehir
, Konya",1.880.000 TL,,,,,,,,,
11 Eylül 2024,5129250,83,111m²,2+1,1,4,Kombi (Doğalgaz),Tek Kat,2,,Boş,Sıfır,15.000 TL (aylık),,Evet,"Selahaddin Eyyubi, Selçuklu
, Konya",3.500.000 TL,,,,,200 TL (aylık),,,,
11 Eylül 2024,5129740,70,80m²,2+2,1,5,Kombi (Doğalgaz),,Yüksek Giriş,4,,,,,Evet,"Ziya Gökalp, Ereğli
, Konya",1.500.000 TL,,,,,,,,,
10 Eylül 2024,2568054,60,240m²,6+3,3,3,Soba (Kömür),İkiz Ev,Komple,36-40 arası,Boş,İkinci El,1.200 TL (aylık),Danışman,Hayır,"Eskikale, Akşehir
, Konya",2.190.000 TL,,,,,0 TL (aylık),,,,
10 Eylül 2024,5129044,170,185m²,4+1,2,5,,Ara Kat,3,3,Kiracılı,İkinci El,0 TL (aylık),Danışman,Evet,"İstasyon, Akşehir
, Konya",4.100.000 TL,,,Eşyasız,,0 TL (aylık),,,,
11 Eylül 2024,5068450,115,120m²,3+1,1,5,,Ara Kat,3,36-40 arası,Mülk Sahibi,İkinci El,,Danışman,Evet,"Yeni, Akşehir
, Konya",1.350.000 TL,,,,,,,,,
10 Eylül 2024,3213621,200,232m²,2+1,1,2,,Dubleks,Müstakil,40 ve üzeri,Mülk Sahibi,İkinci El,,Danışman,Hayır,"Eskikale, Akşehir
, Konya",990.000 TL,,,,Evet,,,,,
10 Eylül 2024,5037811,83,111m²,2+1,1,4,Kombi (Doğalgaz),,4,0,Boş,Sıfır,10.000 TL (aylık),,Evet,"Selahaddin Eyyubi, Selçuklu
, Konya",3.000.000 TL,,,Eşyasız,,200 TL (aylık),Kat Mülkiyeti,,,
9 Eylül 2024,5037477,155,185m²,4+1,2,4,Yerden Isıtma,Ara Kat,2,0,Boş,Sıfır,15.000 TL (aylık),Danışman,Evet,"Gazi, Akşehir
, Konya",3.250.000 TL,,,Eşyasız,Evet,125 TL (aylık),,,,
9 Eylül 2024,5106081,70,75m²,1+1,1,5,,Ara Kat,3,0,Boş,Yapım Aşamasında,0 TL (aylık),Danışman,Evet,"Seyran, Akşehir
, Konya",1.800.000 TL,,,Eşyasız,Evet,0 TL (aylık),,,,
9 Eylül 2024,5082134,170,180m²,4+1,2,5,,,1,0,,,,,Hayır,"Yarenler, Akşehir
, Konya",4.400.000 TL,,,,,,,,,
8 Eylül 2024,5066710,45,63m²,1+1,1,4,Kombi (Doğalgaz),Giriş Kat,Yüksek Giriş,0,Boş,Sıfır,10.000 TL (aylık),Danışman,Evet,"Gazi, Akşehir
, Konya",1.900.000 TL,,,,,,,,,
9 Eylül 2024,5067204,110,120m²,2+1,1,,,,,,,,,,Hayır,"Meydan, Akşehir
, Konya",1.565.000 TL,,,,,,,,,
9 Eylül 2024,5082296,148,155m²,3+1,2,5,Kalorifer (Doğalgaz),,2,0,Boş,Sıfır,20.000 TL (aylık),Danışman,Hayır,"Yarenler, Akşehir
, Konya",4.500.000 TL,,,,,,,,,
9 Eylül 2024,5082290,162,185m²,4+1,2,5,Kalorifer (Doğalgaz),,,0,Boş,,20.000 TL (aylık),Danışman,Hayır,"Yarenler, Akşehir
, Konya",4.500.000 TL,,,,,,,,,
8 Eylül 2024,4561939,165,168m²,3+1,1,4,Yerden Isıtma,,,0,Boş,Sıfır,3.500 TL (aylık),,Evet,"Gazi, Akşehir
, Konya",3.500.000 TL,,,Eşyasız,,0 TL (aylık),,,,
9 Eylül 2024,5082298,130,140m²,3+1,1,5,Kalorifer (Doğalgaz),,3,0,Boş,,20.000 TL (aylık),Danışman,Hayır,"Yarenler, Akşehir
, Konya",3.250.000 TL,,,,,,,,,
8 Eylül 2024,4840849,110,860m²,3+1,2,,,,,,,,,,Hayır,"Doğrugöz, Akşehir
, Konya",3.200.000 TL,,,,,,,,,
8 Eylül 2024,5106279,165,170m²,4+1,2,,,,,,,,,,Hayır,"Gazi, Akşehir
, Konya",3.100.000 TL,,,,,,,,,
8 Eylül 2024,5081294,145,155m²,3+1,2,4,Kombi (Doğalgaz),En Üst Kat,4,31-35 arası,Kiracılı,İkinci El,,Danışman,Evet,"İstasyon, Akşehir
, Konya",1.700.000 TL,,,,,,,,,
9 Eylül 2024,5128769,125,135m²,3+1,1,5,Kombi (Doğalgaz),Ara Kat,4,16-20 arası,Kiracılı,İkinci El,,Danışman,Evet,"Yeni, Akşehir
, Konya",2.190.000 TL,,,,,,,,,
8 Eylül 2024,5106445,215,220m²,,,2,,,,26-30 arası,Kiracılı,İkinci El,,Danışman,Hayır,"Kileci, Akşehir
, Konya",5.500.000 TL,,,,,,,,,Betonarme
6 Eylül 2024,4903211,45,1450m²,1+1,1,1,,,Müstakil,2,Mülk Sahibi,İkinci El,8.000 TL (aylık),Danışman,Hayır,"Adsız, Akşehir
, Konya",2.100.000 TL,,,,,0 TL (aylık),,,,
6 Eylül 2024,5015823,118,125m²,3+1,1,3,Yok,,Komple,26-30 arası,Boş,İkinci El,0 TL (aylık),Danışman,Hayır,"Yeni, Akşehir
, Konya",3.890.000 TL,,Evet,Eşyasız,Evet,0 TL (aylık),,,,
7 Eylül 2024,5066303,150,318m²,3+1,1,,,,,,,,,,Hayır,"Çimenli, Akşehir
, Konya",2.350.000 TL,,,,,,,,,
6 Eylül 2024,5033858,180,225m²,4+1,2,2,,,Bahçe katı,0,Boş,,0 TL (aylık),,Evet,"Sille Ak, Selçuklu
, Konya",12.000.000 TL,,,Eşyasız,Evet,0 TL (aylık),Kat Mülkiyeti,,,
6 Eylül 2024,5033848,148,195m²,4+1,2,4,Yerden Isıtma,,4,0,Boş,,0 TL (aylık),,Evet,"Selahaddin Eyyubi, Selçuklu
, Konya",5.299.000 TL,,,Eşyasız,Evet,0 TL (aylık),Kat Mülkiyeti,,,
6 Eylül 2024,5033840,91,130m²,2+1,1,4,Yerden Isıtma,,2,2,Boş,,0 TL (aylık),,Evet,"Hüsamettin Çelebi, Selçuklu
, Konya",2.750.000 TL,,,Eşyasız,,0 TL (aylık),Kat Mülkiyeti,,,
6 Eylül 2024,5033211,100,115m²,2+1,1,4,Kombi (Doğalgaz),Giriş Kat,Giriş Katı,26-30 arası,Mülk Sahibi,İkinci El,7.000 TL (aylık),Danışman,Evet,"Yarenler, Akşehir
, Konya",1.620.000 TL,,,,,,,,,
7 Eylül 2024,5062664,140,157m²,3+1,2,2,Yerden Isıtma,,,0,Boş,Sıfır,,Danışman,Evet,"Yeni, Akşehir
, Konya",3.300.000 TL,,,Eşyalı (Mobilyalı),,,Kat Mülkiyeti,,,
6 Eylül 2024,5128082,63,75m²,1+1,1,5,Klima,Ara Kat,1,0,Boş,Sıfır,,Danışman,Evet,"Toros, Ereğli
, Konya",1.650.000 TL,?,,Eşyasız,,500 TL (aylık),Kat İrtifakı,,,
5 Eylül 2024,5127663,135,160m²,3+1,1,3,Kombi (Doğalgaz),En Üst Kat,3,5,Mülk Sahibi,İkinci El,15.000 TL (aylık),Danışman,Evet,"Yarenler, Akşehir
, Konya",3.400.000 TL,?,,,,,,,,
6 Eylül 2024,5033853,190,280m²,5+1,3,2,Kombi (Doğalgaz),,2,5,,,0 TL (aylık),,Evet,"Mehmet Akif, Selçuklu
, Konya",7.500.000 TL,,,Eşyasız,Evet,0 TL (aylık),Kat Mülkiyeti,,,
5 Eylül 2024,5127126,110,120m²,3+1,1,4,Kombi (Doğalgaz),En Üst Kat,4,31-35 arası,Kiracılı,İkinci El,,Danışman,Evet,"Yarenler, Akşehir
, Konya",1.700.000 TL,,,,,50 TL (aylık),,,,
5 Eylül 2024,5090580,67,68m²,,,2,Soba (Kömür),,,26-30 arası,Boş,İkinci El,,,Evet,"Çınaroba, Doğanhisar
, Konya",300.000 TL,,,,Evet,,Kat Mülkiyeti,,,Taş Bina
5 Eylül 2024,5105222,155,160m²,3+1,2,,,,,,,,,,Hayır,"Yarenler, Akşehir
, Konya",3.575.000 TL,,,,,,,,,
5 Eylül 2024,5105132,155,160m²,3+1,2,,,,,,,,,,Hayır,"Yarenler, Akşehir
, Konya",3.275.000 TL,,,,,,,,,
5 Eylül 2024,5065423,110,120m²,3+1,1,5,Soba (Doğalgaz),Ara Kat,,31-35 arası,,,,Danışman,Evet,"Yıldırım, Akşehir
, Konya",1.900.000 TL,,,,,,İskanı Alınmış,,,
5 Eylül 2024,4815607,350,400m²,7+1,2,3,,,,,Boş,,,,Evet,"Yeni, Akşehir
, Konya",13.500.000 TL,,,Eşyalı (Mobilyalı),,,Müstakil Parsel,,,
5 Eylül 2024,5014102,340,353m²,3+1,1,,,,,,,,,,Hayır,"Adsız, Akşehir
, Konya",3.100.000 TL,,,,,,,,,
5 Eylül 2024,5092684,120,130m²,3+1,1,4,Kombi (Doğalgaz),Ara Kat,2,31-35 arası,Kiracılı,İkinci El,7.500 TL (aylık),Danışman,Evet,"Yeni, Akşehir
, Konya",1.780.000 TL,,,,,,,,,
4 Eylül 2024,5126109,149,200m²,4+1,2,7,Kombi (Doğalgaz),,7,11-15 arası,Boş,,,,Evet,"Parsana, Selçuklu
, Konya",4.750.000 TL,,,,,,,,,
4 Eylül 2024,5104471,155,160m²,3+1,1,,,,,,,,,,Hayır,"Yarenler, Akşehir
, Konya",2.590.000 TL,,,,,,,,,
5 Eylül 2024,3951545,270,280m²,2+1,1,,,,,,,,,,Hayır,"Hamidiye, Beyşehir
, Konya",3.150.000 TL,,,,,,,,,
3 Eylül 2024,5103588,110,120m²,3+1,2,2,Kombi (Doğalgaz),Dubleks,Müstakil,31-35 arası,Mülk Sahibi,İkinci El,10.000 TL (aylık),Danışman,Hayır,"Selçuk, Akşehir
, Konya",2.350.000 TL,,,Eşyalı (Mobilyalı),,0 TL (aylık),,,,
3 Eylül 2024,5090547,93,94m²,2+1,1,2,Kombi (Doğalgaz),,,6-10 arası,Boş,İkinci El,15.000 TL (aylık),,Evet,"Göçü, Karatay
, Konya",380.000 TL,,,Eşyasız,Evet,1 TL (aylık),Kat Mülkiyeti,,,
3 Eylül 2024,5090556,674,675m²,3+1,1,1,Soba (Kömür),,,11-15 arası,Boş,İkinci El,20.000 TL (aylık),,Evet,"Uzunkuyu, Çumra
, Konya",750.000 TL,,,Eşyasız,Evet,1 TL (aylık),Kat İrtifakı,,,
3 Eylül 2024,5030918,125,130m²,3+1,1,4,Kombi (Doğalgaz),Ara Kat,3,26-30 arası,Kiracılı,İkinci El,,Danışman,Evet,"Yarenler, Akşehir
, Konya",1.750.000 TL,,,,,,,,,
3 Eylül 2024,5125873,83,111m²,2+1,1,4,Yerden Isıtma,Tek Kat,4,,Boş,Sıfır,15.000 TL (aylık),,Evet,"Selahaddin Eyyubi, Selçuklu
, Konya",3.250.000 TL,,,,,200 TL (aylık),,,,
4 Eylül 2024,4942492,110,145m²,3+1,1,,,,,,,,,,Hayır,"Kozağaç, Akşehir
, Konya",2.275.000 TL,,,,,,,,,
3 Eylül 2024,4995850,105,120m²,2+1,1,5,Yerden Isıtma,Ara Kat,2,0,Boş,Yapım Aşamasında,0 TL (aylık),Danışman,Hayır,"Yeni, Akşehir
, Konya",2.800.000 TL,,,Eşyasız,,0 TL (aylık),,,,
3 Eylül 2024,5013267,75,100m²,2+1,1,5,Kombi (Doğalgaz),Ara Kat,3,0,Boş,Yapım Aşamasında,8.000 TL (aylık),Danışman,Evet,"Yarenler, Akşehir
, Konya",2.600.000 TL,,,,,,,,,
3 Eylül 2024,5050746,150,175m²,3+1,2,5,Merkezi Sistem,,5,26-30 arası,Mülk Sahibi,,0 TL (aylık),,Evet,"Musalla Bağları, Selçuklu
, Konya",3.250.000 TL,,,Eşyasız,Evet,450 TL (aylık),,,,
3 Eylül 2024,5030938,150,160m²,3+1,2,,,,,,,,,,Hayır,"Yeni, Akşehir
, Konya",3.300.000 TL,,,,,,,,,
3 Eylül 2024,5104260,130,140m²,3+1,1,,,,,,,,,,Hayır,"Kozağaç, Akşehir
, Konya",1.700.000 TL,,,,,,,,,
3 Eylül 2024,4995817,100,120m²,2+1,1,,,,,,,,,,Hayır,"Gazi, Akşehir
, Konya",2.500.000 TL,,,,,,,,,
3 Eylül 2024,5125294,100,120m²,2+1,1,3,Kombi (Doğalgaz),Ara Kat,Yüksek Giriş,16-20 arası,Boş,İkinci El,8.000 TL (aylık),,Evet,"Kileci, Akşehir
, Konya",1.625.000 TL,,,Eşyasız,Evet,,,,,
3 Eylül 2024,5091152,300,350m²,7+3,3,2,Kat Kaloriferi,Giriş Kat,,11-15 arası,Mülk Sahibi,,,,Hayır,"Başak, Karatay
, Konya",5.000.000 TL,,,,Evet,,,,,
3 Eylül 2024,4867864,100,110m²,2+1,1,,,,,,,,,,Hayır,"Kileci, Akşehir
, Konya",600.000 TL,,,,,,,,,
31 Ağustos 2024,5123020,170,200m²,4+1,1,10,Kombi (Doğalgaz),,Yüksek Giriş,11-15 arası,Kiracılı,,,,Evet,"Sancak, Selçuklu
, Konya",3.775.000 TL,,,,,,,,,
31 Ağustos 2024,5061727,125,160m²,3+1,1,10-20 arası,Merkezi Sistem (Isı Payı Ölçer),Ara Kat,10,6-10 arası,Kiracılı,,0 TL (aylık),,Evet,"Hacıkaymak, Selçuklu
, Konya",3.695.000 TL,,,Eşyasız,,500 TL (aylık),,,,
31 Ağustos 2024,5061732,212,265m²,5+1,2,10-20 arası,Yerden Isıtma,Ara Kat,3,0,Boş,,0 TL (aylık),,Evet,"Selçuk, Selçuklu
, Konya",6.500.000 TL,,,Eşyasız,Evet,0 TL (aylık),,,,
31 Ağustos 2024,5102189,300,350m²,7+3,3,2,Kombi (Doğalgaz),,Bahçe katı,,Boş,,,,Hayır,"Harmancık, Meram
, Konya",16.500.000 TL,,,,Evet,,,,,
31 Ağustos 2024,5061725,160,210m²,4+1,2,4,,En Üst Kat,4,26-30 arası,Kiracılı,,0 TL (aylık),,Evet,"Aşkan, Meram
, Konya",3.100.000 TL,,,Eşyasız,Evet,0 TL (aylık),,,,
31 Ağustos 2024,4864437,140,150m²,4+1,1,2,,Dubleks,Komple,16-20 arası,Mülk Sahibi,İkinci El,5.000 TL (aylık),Danışman,Hayır,"Tipi, Akşehir
, Konya",2.350.000 TL,,,,Evet,,,,,
31 Ağustos 2024,5102190,140,170m²,3+1,2,3,Kombi (Doğalgaz),,3,11-15 arası,Kiracılı,,,,Hayır,"Buhara, Selçuklu
, Konya",2.900.000 TL,,,,,,,,,
31 Ağustos 2024,5123060,135,155m²,3+1,1,8,Merkezi Sistem (Isı Payı Ölçer),,6,5,Kiracılı,,,,Hayır,"Gödene, Meram
, Konya",2.500.000 TL,,,,,,,,,
31 Ağustos 2024,5078615,140,150m²,6+1,2,3,Kombi (Doğalgaz),Dubleks,Komple,40 ve üzeri,Mülk Sahibi,İkinci El,13.000 TL (aylık),Danışman,Hayır,"Selçuk, Akşehir
, Konya",2.450.000 TL,,,,,,,,,
31 Ağustos 2024,5049571,135,155m²,3+1,2,4,Kombi (Doğalgaz),Ara Kat,3,0,Boş,Yapım Aşamasında,0 TL (aylık),Danışman,Evet,"Yeni, Akşehir
, Konya",3.150.000 TL,,,Eşyasız,,0 TL (aylık),,,,
31 Ağustos 2024,5123026,145,160m²,3+1,1,5,Kombi (Doğalgaz),Ara Kat,1,0,Boş,,,,Evet,"Yarenler, Akşehir
, Konya",2.650.000 TL,,,,,,,,,
31 Ağustos 2024,5049397,140,160m²,3+1,2,5,Kombi (Doğalgaz),Ara Kat,2,0,Boş,Yapım Aşamasında,15.000 TL (aylık),Danışman,Evet,"Yeni, Akşehir
, Konya",3.250.000 TL,,,Eşyasız,Evet,0 TL (aylık),,,,
31 Ağustos 2024,4830822,135,1100m²,3+1,1,1,Soba (Doğalgaz),Bahçe Katı,Bahçe katı,16-20 arası,Mülk Sahibi,İkinci El,,Danışman,Hayır,"Sorkun, Akşehir
, Konya",2.850.000 TL,?,Evet,Eşyasız,Evet,,Müstakil Parsel,,,
30 Ağustos 2024,5049965,140,155m²,3+1,1,5,Kombi (Doğalgaz),Bahçe Katı,1,0,Kiracılı,İkinci El,,,Hayır,"Yarenler, Akşehir
, Konya",3.575.500 TL,?,Evet,Eşyasız,Evet,,,,,
30 Ağustos 2024,4992842,150,160m²,3+1,2,,,,,,,,,,Hayır,"Yarenler, Akşehir
, Konya",4.100.000 TL,,,,,,,,,
29 Ağustos 2024,4007144,120,135m²,3+1,1,5,Kombi (Doğalgaz),Ara Kat,4,21-25 arası,Mülk Sahibi,İkinci El,9.000 TL (aylık),Danışman,Evet,"Yarenler, Akşehir
, Konya",1.700.000 TL,,,,,50 TL (aylık),,,,
30 Ağustos 2024,5089748,90,115m²,2+1,1,1,Soba (Kömür),,,16-20 arası,Kiracılı,İkinci El,,,Hayır,"Erler, Karatay
, Konya",2.300.000 TL,,,,,,,,,
29 Ağustos 2024,5060449,130,140m²,3+1,2,5,Kombi (Doğalgaz),En Üst Kat,5,26-30 arası,Boş,İkinci El,8.000 TL (aylık),Danışman,Evet,"İstasyon, Akşehir
, Konya",1.420.000 TL,,,,,,,,,
30 Ağustos 2024,5101584,130,160m²,3+1,1,2,Kombi (Doğalgaz),Giriş Kat,Yüksek Giriş,11-15 arası,Kiracılı,İkinci El,23.000 TL (aylık),Danışman,Evet,"Alavardı, Meram
, Konya",3.050.000 TL,?,,Eşyasız,,250 TL (aylık),,,,
29 Ağustos 2024,5121724,120,135m²,2+1,1,4,Kombi (Doğalgaz),Giriş Kat,Giriş Katı,21-25 arası,,,,,Hayır,"Yarenler, Akşehir
, Konya",1.630.000 TL,,,,Evet,,,,,
29 Ağustos 2024,5100722,125,130m²,3+1,1,4,,En Üst Kat,4,31-35 arası,Boş,İkinci El,8.000 TL (aylık),Danışman,Evet,"İstasyon, Akşehir
, Konya",1.750.000 TL,,,,,,,,,
29 Ağustos 2024,5121520,150,210m²,3+1,2,10-20 arası,Yerden Isıtma,,1,4,Boş,,,,Hayır,"Yazır, Selçuklu
, Konya",5.300.000 TL,,,,Evet,,,,,
29 Ağustos 2024,5121500,100,150m²,2+1,1,1,Kat Kaloriferi,,Bahçe katı,11-15 arası,Boş,,,,Hayır,"Erler, Karatay
, Konya",4.500.000 TL,,,,,,,,,
29 Ağustos 2024,5121521,220,250m²,4+2,2,2,Soba (Kömür),,Bahçe katı,16-20 arası,Mülk Sahibi,,,,Hayır,"Erler, Karatay
, Konya",4.000.000 TL,,,,,,,,,
28 Ağustos 2024,5048458,125,165m²,3+1,1,5,,En Üst Kat,5,0,Boş,,0 TL (aylık),,Evet,"Hacı Hasan, Karatay
, Konya",2.650.000 TL,,,Eşyasız,Evet,0 TL (aylık),,,,
29 Ağustos 2024,5121527,115,155m²,3+1,1,6,Yerden Isıtma,,3,,Boş,,,,Hayır,"Akabe, Karatay
, Konya",3.850.000 TL,,,,,,,,,
28 Ağustos 2024,4018357,145,160m²,3+1,2,4,Kombi (Doğalgaz),En Üst Kat,Kot 4,0,Boş,Yapım Aşamasında,2.500 TL (aylık),Danışman,Evet,"Gazi, Akşehir
, Konya",3.250.000 TL,,Evet,Eşyalı (Mobilyalı),Evet,50 TL (aylık),,,,
28 Ağustos 2024,5048045,160,178m²,3+1,1,,,,,,,,,,Hayır,"Yarenler, Akşehir
, Konya",4.250.000 TL,,,,,,,,,
30 Ağustos 2024,5122539,140,160m²,3+1,1,5,,En Üst Kat,5,21-25 arası,Mülk Sahibi,İkinci El,12.000 TL (aylık),,Hayır,"Yarenler, Akşehir
, Konya",1.600.000 TL,?,,Eşyasız,,,Bilinmiyor,,,
28 Ağustos 2024,5088571,155,165m²,3+1,1,,,,,,,,,,Hayır,"Yarenler, Akşehir
, Konya",2.590.000 TL,,,,,,,,,
28 Ağustos 2024,5120884,85,115m²,2+1,1,5,Yerden Isıtma,,3,,Boş,,,,Hayır,"Keçeciler, Karatay
, Konya",2.300.000 TL,,,,Evet,,,,,
28 Ağustos 2024,5120814,90,115m²,2+1,1,1,Soba (Kömür),,Bahçe katı,16-20 arası,Kiracılı,,,,Hayır,"Erler, Karatay
, Konya",2.000.000 TL,,,,,,,,,
28 Ağustos 2024,5088550,145,150m²,3+1,2,,,,,,,,,,Hayır,"Yarenler, Akşehir
, Konya",4.500.000 TL,,,,,,,,,
28 Ağustos 2024,5088661,230,250m²,4+1,2,5,Kalorifer (Doğalgaz),,2,2,,,18.000 TL (aylık),Danışman,Hayır,"Yıldırım, Akşehir
, Konya",4.950.000 TL,,,,,200 TL (aylık),,,,
27 Ağustos 2024,4961901,100,120m²,2+1,1,1,,Bahçe Katı,Müstakil,21-25 arası,Boş,İkinci El,,Danışman,Hayır,"Yeniköy, Akşehir
, Konya",3.000.000 TL,,,,,0 TL (aylık),,,,
28 Ağustos 2024,5088664,128,140m²,3+1,1,4,Kalorifer (Doğalgaz),,4,21-25 arası,,,8.000 TL (aylık),Danışman,Hayır,"Altunkalem, Akşehir
, Konya",1.950.000 TL,,,,,100 TL (aylık),,,,
28 Ağustos 2024,5088672,180,195m²,3+1,2,5,Kalorifer (Doğalgaz),Bahçe Katı,Bahçe katı,0,,Sıfır,22.000 TL (aylık),Danışman,Hayır,"Yarenler, Akşehir
, Konya",4.750.000 TL,,,,,,,,,
26 Ağustos 2024,5033863,275,350m²,7+1,3,2,,,Bahçe katı,2,Boş,,0 TL (aylık),,Evet,"Parsana, Selçuklu
, Konya",21.000.000 TL,,,Eşyasız,,0 TL (aylık),Kat Mülkiyeti,,,
26 Ağustos 2024,5033846,170,210m²,4+1,2,10-20 arası,,,5,11-15 arası,,,0 TL (aylık),,Evet,"Parsana, Selçuklu
, Konya",8.500.000 TL,,,Eşyasız,Evet,0 TL (aylık),Kat Mülkiyeti,,,
26 Ağustos 2024,5041072,155,217m²,4+1,2,3,Floor Heating,,2,0,Vacant,,0 TL (aylık),,Yes,"Parsana, Selçuklu
, Konya",4.600.000 TL,,,Unfurnished,Yes,0 TL (aylık),Condominium,,,
26 Ağustos 2024,5087147,135,160m²,3+1,1,5,Kombi (Doğalgaz),En Üst Kat,5,5,Mülk Sahibi,İkinci El,15.000 TL (aylık),Danışman,Evet,"Yeni, Akşehir
, Konya",3.400.000 TL,,,,,,,,,
26 Ağustos 2024,5100406,140,160m²,3+1,2,5,Kombi (Doğalgaz),Ara Kat,3,0,Boş,Yapım Aşamasında,0 TL (aylık),Danışman,Evet,"Yeni, Akşehir
, Konya",3.000.000 TL,,,Eşyasız,,0 TL (aylık),,,,
26 Ağustos 2024,5100405,140,160m²,3+1,2,4,Kombi (Doğalgaz),Ara Kat,2,0,Boş,Yapım Aşamasında,15.000 TL (aylık),Danışman,Evet,"İstasyon, Akşehir
, Konya",3.350.000 TL,,,Eşyasız,,0 TL (aylık),,,,
26 Ağustos 2024,5047396,150,180m²,3+1,1,5,Kombi (Doğalgaz),Ara Kat,3,5,,,,,Hayır,"Seyran, Akşehir
, Konya",2.900.000 TL,,,,Evet,,,,,
26 Ağustos 2024,5059873,120,135m²,2+1,1,,,,,,,,,,Hayır,"Eskikale, Akşehir
, Konya",1.350.000 TL,,,,,,,,,
26 Ağustos 2024,5047349,120,135m²,2+1,1,,,,,,,,,,Hayır,"Yeni, Akşehir
, Konya",1.700.000 TL,,,,,,,,,
26 Ağustos 2024,5087308,140,150m²,3+1,2,,,,,,,,,,Hayır,"Yarenler, Akşehir
, Konya",3.350.000 TL,,,,,,,,,
26 Ağustos 2024,5087171,135,150m²,3+1,2,,,,,,,,,,Hayır,"Yarenler, Akşehir
, Konya",3.250.000 TL,,,,,,,,,
26 Ağustos 2024,5087184,110,125m²,2+1,2,,,,,,,,,,Hayır,"Yarenler, Akşehir
, Konya",2.750.000 TL,,,,,,,,,
25 Ağustos 2024,5100011,145,165m²,3+1,1,5,Kombi (Doğalgaz),,5,5,Boş,Sıfır,15.000 TL (aylık),Danışman,Evet,"Yeni, Akşehir
, Konya",2.950.000 TL,,,Eşyasız,Evet,0 TL (aylık),Kat Mülkiyeti,,,
25 Ağustos 2024,5058950,180,210m²,4+1,2,6,Kombi (Doğalgaz),,3,5,,İkinci El,0 TL (aylık),,Evet,"Sancak, Selçuklu
, Konya",5.150.000 TL,,,Eşyasız,,0 TL (aylık),Kat Mülkiyeti,,,
25 Ağustos 2024,5058937,180,210m²,4+1,1,2,Kombi (Doğalgaz),,1,3,,İkinci El,0 TL (aylık),,Evet,"Erenköy, Selçuklu
, Konya",13.750.000 TL,,,Eşyalı (Mobilyalı),Evet,0 TL (aylık),,,,
25 Ağustos 2024,5033842,160,204m²,4+1,2,4,,,4,1,,,0 TL (aylık),,Evet,"Selahaddin Eyyubi, Selçuklu
, Konya",5.700.000 TL,,,Eşyasız,,0 TL (aylık),Kat Mülkiyeti,,,
25 Ağustos 2024,5058938,180,210m²,4+1,2,6,,,3,5,,,0 TL (aylık),,Evet,"Sancak, Selçuklu
, Konya",5.150.000 TL,,,Eşyasız,,0 TL (aylık),Kat Mülkiyeti,,,
25 Ağustos 2024,5058943,420,520m²,8+1,2,2,Yerden Isıtma,,Bahçe katı,0,Boş,,0 TL (aylık),,Hayır,"Buhara, Selçuklu
, Konya",32.500.000 TL,,,Eşyasız,,0 TL (aylık),Kat Mülkiyeti,,,
26 Ağustos 2024,5087163,135,150m²,3+1,2,,,,,,,,,,Hayır,"Yarenler, Akşehir
, Konya",3.100.000 TL,,,,,,,,,
26 Ağustos 2024,5047400,145,180m²,3+1,2,,,,,,,,,,Hayır,"Yarenler, Akşehir
, Konya",3.150.000 TL,,,,,,,,,
26 Ağustos 2024,5119397,120,140m²,3+1,1,5,Kalorifer (Doğalgaz),,5,21-25 arası,,,13.000 TL (aylık),Danışman,Hayır,"Yarenler, Akşehir
, Konya",1.950.000 TL,,,,,100 TL (aylık),,,,
25 Ağustos 2024,5086940,105,115m²,2+1,1,4,Soba (Kömür),En Üst Kat,4,31-35 arası,Boş,,0 TL (aylık),,Evet,"Şemsitebrizi, Karatay
, Konya",1.250.000 TL,,,Eşyasız,,0 TL (aylık),,,,
25 Ağustos 2024,3527985,414,415m²,4+2,2,1,Soba (Kömür),Giriş Kat,Bahçe katı,31-35 arası,Boş,İkinci El,,Danışman,Hayır,"İstasyon, Akşehir
, Konya",1.000.000 TL,,,,Evet,0 TL (aylık),,,,
12 Eylül 2024,4422336,130,140m²,3+1,1,5,Kombi (Doğalgaz),Ara Kat,4,21-25 arası,Mülk Sahibi,İkinci El,2.500 TL (aylık),Danışman,Evet,"Yarenler, Akşehir
, Konya",2.050.000 TL,?,,,,,,,,
12 Eylül 2024,5001589,132,155m²,3+1,1,5,Kombi (Doğalgaz),,1,16-20 arası,,,8.000 TL (aylık),,Hayır,"Yarenler, Akşehir
, Konya",2.050.000 TL,,,,,,,,,
29 Eylül 2024,5144512,200,250m²,9+1,2,2,Kombi (Doğalgaz),Dubleks,Yüksek Giriş,0,Boş,Sıfır,50.000 TL (aylık),Danışman,Evet,"Sille Ak, Selçuklu
, Konya",14.000.000 TL,?,,Eşyasız,Evet,,Kat Mülkiyeti,,,
29 Eylül 2024,5144504,150,175m²,3+1,1,2,Kombi (Doğalgaz),Giriş Kat,Giriş Katı,0,Boş,Sıfır,50.000 TL (aylık),Danışman,Hayır,"Sakarya, Selçuklu
, Konya",8.300.000 TL,?,,,,,,,,
29 Eylül 2024,5144510,140,170m²,4+1,1,4,Kombi (Doğalgaz),En Üst Kat,4,16-20 arası,Mülk Sahibi,İkinci El,20.000 TL (aylık),Danışman,Evet,"Aydınlıkevler, Selçuklu
, Konya",3.500.000 TL,?,,Eşyasız,Evet,,İskanı Alınmış,,,
29 Eylül 2024,5144515,140,170m²,3+1,2,3,,Ara Kat,2,0,Boş,Sıfır,30.000 TL (aylık),Danışman,Hayır,"Selahaddin Eyyubi, Selçuklu
, Konya",4.000.000 TL,?,,Eşyasız,,,Kat Mülkiyeti,,,
29 Eylül 2024,5144530,120,150m²,3+1,1,3,Kombi (Doğalgaz),Giriş Kat,Yüksek Giriş,0,Boş,Sıfır,25.000 TL (aylık),Danışman,Hayır,"Mehmet Akif, Selçuklu
, Konya",3.400.000 TL,?,,Eşyasız,,,Kat Mülkiyeti,,,
29 Eylül 2024,5144525,120,160m²,3+1,1,3,Kombi (Doğalgaz),En Üst Kat,3,0,Boş,,25.000 TL (aylık),Danışman,Hayır,"Selahaddin Eyyubi, Selçuklu
, Konya",3.700.000 TL,?,,Eşyasız,,,Kat Mülkiyeti,,,
29 Eylül 2024,5144470,170,190m²,4+1,2,5,Yerden Isıtma,,Yüksek Giriş,3,Kiracılı,,,,Evet,"Yazır, Selçuklu
, Konya",5.500.000 TL,,,,,,,,,
29 Eylül 2024,5144467,150,190m²,4+1,2,5,Kombi (Doğalgaz),Bahçe Katı,Yüksek Giriş,3,Kiracılı,İkinci El,,,Evet,"Yazır, Selçuklu
, Konya",5.500.000 TL,,,,,,,,,
29 Eylül 2024,5144472,110,120m²,2+1,1,5,Kombi (Doğalgaz),,4,26-30 arası,Kiracılı,,,,Evet,"Binkonutlar, Selçuklu
, Konya",1.950.000 TL,,,,,,,,,
28 Eylül 2024,5144130,175,205m²,4+1,2,9,Merkezi Sistem (Isı Payı Ölçer),,3,4,Mülk Sahibi,,,,Evet,"Yazır, Selçuklu
, Konya",6.700.000 TL,,,,Evet,800 TL (aylık),,,,
28 Eylül 2024,5144129,110,120m²,2+1,1,5,Kombi (Doğalgaz),,4,26-30 arası,Kiracılı,,,,Evet,"Binkonutlar, Selçuklu
, Konya",1.950.000 TL,,,,,,,,,
20 Eylül 2024,4983263,145,185m²,4+1,2,4,Yerden Isıtma,Giriş Kat,Zemin Kat,0,Boş,Sıfır,30.000 TL (aylık),Danışman,Evet,"Selahaddin Eyyubi, Selçuklu
, Konya",4.850.000 TL,?,,Eşyasız,Evet,,İskanı Alınmış,,,
19 Eylül 2024,5138340,142,160m²,3+1,1,6,Kombi (Doğalgaz),Tek Kat,5,1,Boş,Sıfır,6.000 TL (aylık),,Evet,"Barbaros, Ereğli
, Konya",3.300.000 TL,,,,,70 TL (aylık),,,,
20 Eylül 2024,5139217,130,140m²,2+1,1,5,Kombi (Doğalgaz),Tek Kat,Ara Kat,,Boş,Sıfır,15.000 TL (aylık),,Evet,"Namık Kemal, Ereğli
, Konya",3.150.000 TL,,,,,,,,,
20 Eylül 2024,5139211,130,140m²,2+1,1,5,Kombi (Doğalgaz),Tek Kat,Yüksek Giriş,,Boş,Sıfır,14.000 TL (aylık),,Evet,"Namık Kemal, Ereğli
, Konya",3.120.000 TL,,,,,,,,,
19 Eylül 2024,5138345,143,160m²,3+1,1,6,Kombi (Doğalgaz),Tek Kat,3,1,Boş,Sıfır,9.000 TL (aylık),,Evet,"Barbaros, Ereğli
, Konya",3.200.000 TL,,,,,70 TL (aylık),,,,
6 Eylül 2024,5127724,190,220m²,4+1,2,10-20 arası,Merkezi Sistem (Isı Payı Ölçer),,7,4,Mülk Sahibi,,,,Evet,"Kılınçarslan, Selçuklu
, Konya",6.250.000 TL,,,,,550 TL (aylık),,,,
3 Eylül 2024,4832952,110,165m²,3+1,1,3,Kombi (Doğalgaz),Giriş Kat,Zemin Kat,0,Boş,Sıfır,15.000 TL (aylık),Danışman,Evet,"Selahaddin Eyyubi, Selçuklu
, Konya",3.400.000 TL,?,,Eşyasız,,,İskanı Alınmış,,,
3 Eylül 2024,4832977,90,120m²,2+1,1,3,Kombi (Doğalgaz),Giriş Kat,Zemin Kat,0,Boş,Sıfır,12.000 TL (aylık),Danışman,Evet,"Selahaddin Eyyubi, Selçuklu
, Konya",2.990.000 TL,?,,Eşyasız,,,İskanı Alınmış,,,
4 Eylül 2024,5125950,230,250m²,5+1,2,9,Merkezi Sistem (Isı Payı Ölçer),Tek Kat,5,11-15 arası,Boş,,,,Evet,"Havzan, Meram
, Konya",11.250.000 TL,,,,,,,,,
3 Eylül 2024,5125175,200,224m²,4+1,2,10-20 arası,Merkezi Sistem (Isı Payı Ölçer),Tek Kat,8,6-10 arası,Kiracılı,,,,Evet,"Yenişehir, Meram
, Konya",12.400.000 TL,,,,,,,,,
31 Ağustos 2024,5123329,155,165m²,3+1,1,3,Kombi (Doğalgaz),Tek Kat,1,26-30 arası,Boş,İkinci El,12.000 TL (aylık),,Evet,"Hıdırlı, Ereğli
, Konya",1.650.000 TL,,,,,,,,,
31 Ağustos 2024,5123330,152,165m²,3+1,1,4,Kombi (Doğalgaz),Tek Kat,3,5,Kiracılı,İkinci El,2.500 TL (aylık),,Evet,"Mehmet Akif, Ereğli
, Konya",2.900.000 TL,,,,,,,,,
26 Ağustos 2024,5119675,165,175m²,3+1,1,4,Kombi (Doğalgaz),Tek Kat,4,11-15 arası,Boş,İkinci El,12.000 TL (aylık),,Evet,"Mehmet Akif, Ereğli
, Konya",2.630.000 TL,,,,,,,,,
26 Ağustos 2024,5119401,155,165m²,3+1,1,6,Merkezi Sistem,Tek Kat,1,,Boş,Sıfır,12.000 TL (aylık),,Evet,"Hıdırlı, Ereğli
, Konya",3.200.000 TL,,,,,,,,,
26 Ağustos 2024,5119324,120,135m²,2+1,1,6,Kombi (Doğalgaz),Tek Kat,2,1,Boş,Sıfır,5.000 TL (aylık),,Evet,"Barbaros, Ereğli
, Konya",3.000.000 TL,,,,,70 TL (aylık),,,,
25 Ağustos 2024,4554764,110,160m²,3+1,1,3,Kombi (Doğalgaz),Giriş Kat,2,0,Boş,Sıfır,25.000 TL (aylık),,Evet,"Selahaddin Eyyubi, Selçuklu
, Konya",3.650.000 TL,?,,Eşyasız,,,İskanı Alınmış,,,
5 Ekim 2023,4876296,190,220m²,3+1,2,7,Merkezi Sistem,,7,21-25 arası,Kiracılı,İkinci El,0 TL (aylık),,Evet,"Işıklar, Selçuklu
, Konya",2.150.000 TL,,,,,0 TL (aylık),,,,
16 Şubat 2024,5024026,155,170m²,3+1,1,6,Yerden Isıtma,,3,0,Boş,,0 TL (aylık),,Hayır,"Aşağıpınarbaşı, Selçuklu
, Konya",750.000 TL,,,Eşyasız,Evet,0 TL (aylık),,,,
18 Ocak 2024,5008095,130,160m²,3+1,2,3,Yerden Isıtma,Ara Kat,2,0,Boş,Sıfır,0 TL (aylık),,Hayır,"Beyhekim, Selçuklu
, Konya",3.200.000 TL,,,Eşyasız,Evet,0 TL (aylık),İskanı Alınmış,,,
19 Şubat 2024,5025599,130,170m²,3+1,1,6,Kombi (Doğalgaz),,3,0,Boş,,0 TL (aylık),,Evet,"Kayacıkaraplar, Karatay
, Konya",2.850.000 TL,,,Eşyasız,,0 TL (aylık),Kat İrtifakı,,,
